City_ID,City,Lat,Lng,Max Temp,Humidity,Cloudiness,Wind Speed,Country,Date
0,puerto natales,-51.7236,-72.4875,4.25,79,91,3.44,CL,1726462349
1,baicheng,45.6167,122.8167,24.87,39,34,9.37,CN,1726462350
2,longyearbyen,78.2186,15.6401,3.91,93,75,3.09,SJ,1726462352
3,ribeira grande,38.5167,-28.7,21.54,93,87,3.58,PT,1726462353
4,blackmans bay,-43.0167,147.3167,13.62,54,63,1.79,AU,1726462354
5,bethel,41.3712,-73.414,14.21,84,0,2.57,US,1726462356
6,iqaluit,63.7506,-68.5145,4.85,86,100,8.23,CA,1726462357
7,port-aux-francais,-49.35,70.2167,3.03,87,99,15.39,TF,1726462358
8,port mathurin,-19.6833,63.4167,21.18,66,45,11.05,MU,1726462359
9,whitehorse,60.7161,-135.0538,13.43,50,40,3.09,CA,1726462360
10,bilibino,68.0546,166.4372,1.25,91,100,2.32,RU,1726462361
11,el granada,37.5027,-122.4694,15.56,87,100,10.8,US,1726462244
12,thompson,55.7435,-97.8558,8.09,93,20,3.09,CA,1726462363
13,yellowknife,62.456,-114.3525,10.79,91,40,5.14,CA,1726462364
14,bredasdorp,-34.5322,20.0403,11.64,64,79,1.84,ZA,1726462365
15,mersa matruh,31.3525,27.2453,24.11,64,20,4.63,EG,1726462367
16,naze,28.3667,129.4833,28.51,80,17,6.38,JP,1726462368
17,hawaiian paradise park,19.5933,-154.9731,23.77,98,100,2.57,US,1726462369
18,al ghayzah,16.2079,52.176,26.14,82,99,3.4,YE,1726462370
19,anadyr,64.75,177.4833,8.89,66,99,0.9,RU,1726462371
20,ushuaia,-54.8,-68.3,2.81,70,20,1.03,AR,1726462372
21,margaret river,-33.95,115.0667,18.76,47,0,4.65,AU,1726462373
22,isafjordur,66.0755,-23.124,2.59,72,100,2.43,IS,1726462374
23,mukalla,14.5425,49.1242,26.78,87,24,3.65,YE,1726462376
24,new norfolk,-42.7826,147.0587,14.28,44,68,3.85,AU,1726462377
25,papao,-17.75,-149.55,25.82,81,28,4.04,PF,1726462378
26,fort bragg,35.139,-79.006,22.91,86,100,5.14,US,1726462380
27,bikenibeu village,1.3673,173.1241,30.98,66,20,2.57,KI,1726462381
28,waitangi,-43.9535,-176.5597,10.46,83,81,4.64,NZ,1726462382
29,grytviken,-54.2811,-36.5092,-1.12,91,100,5.66,GS,1726462383
30,saint-francois,46.4154,3.9054,7.69,94,0,1.54,FR,1726462384
31,mejit,10.2753,170.8646,27.87,77,91,3.25,MH,1726462386
32,aasiaat,68.7098,-52.8699,-1.5,95,100,1.16,GL,1726462387
33,saipan,15.1355,145.701,28.39,78,75,10.29,MP,1726462388
34,udachny,66.4167,112.4,3.36,68,100,6.39,RU,1726462389
35,itaituba,-4.2761,-55.9836,27.75,52,47,1.3,BR,1726462390
36,coquimbo,-29.9533,-71.3436,12.85,79,0,2.06,CL,1726462391
37,luanda,-8.8368,13.2343,21.0,94,75,1.54,AO,1726462392
38,ust'-ordynskiy,52.805,104.7508,7.85,51,100,1.79,RU,1726462393
39,pointe aux piments,-20.0628,57.5131,23.62,64,73,8.78,MU,1726462394
40,west island,-12.1568,96.8225,27.99,74,100,8.23,CC,1726462396
41,mhamid,29.82,-5.72,28.9,28,0,1.57,MA,1726462397
42,westport,41.1415,-73.3579,16.53,82,0,1.34,US,1726462398
43,keflavik,64.0049,-22.5624,6.24,52,0,4.63,IS,1726462399
44,praia da vitoria,38.7333,-27.0667,23.2,78,40,4.3,PT,1726462400
45,kununurra,-15.7667,128.7333,35.99,24,22,4.12,AU,1726462401
46,albany,42.6001,-73.9662,18.77,71,23,0.45,US,1726462402
47,karaton,-6.3424,106.1045,33.65,39,18,0.36,ID,1726462403
48,palmer,42.1584,-72.3287,14.75,76,0,0.0,US,1726462405
49,crane,31.3974,-102.3501,24.15,53,14,5.51,US,1726462406
50,adamstown,-25.066,-130.1015,20.27,85,100,7.37,PN,1726462407
51,edinburgh of the seven seas,-37.0676,-12.3116,14.65,92,99,12.0,SH,1726462408
52,lebu,-37.6167,-73.65,7.27,87,64,4.35,CL,1726462409
53,kalabo,-14.97,22.6814,20.15,26,3,3.31,ZM,1726462410
54,akhmim,26.5622,31.745,27.11,45,0,3.04,EG,1726462411
55,torghay,49.6339,63.4981,18.01,59,18,7.91,KZ,1726462412
56,eyl,7.9803,49.8164,28.35,47,55,11.42,SO,1726462413
57,constantia,44.1833,28.65,12.61,81,46,6.32,RO,1726462415
58,taber,49.8167,-112.1518,12.0,87,65,0.51,CA,1726462416
59,georgetown,5.4112,100.3354,27.96,93,40,2.68,MY,1726462418
60,elverum,60.8819,11.5623,11.72,97,100,2.12,NO,1726462419
61,college,64.8569,-147.8028,9.99,78,75,2.06,US,1726462420
62,ilhabela,-23.7781,-45.3581,20.94,93,94,1.06,BR,1726462421
63,mount pearl,47.5166,-52.7813,8.18,90,38,0.89,CA,1726462422
64,ta`u,-14.2336,-169.5144,26.52,81,31,5.19,AS,1726462423
65,sandpoint,48.2766,-116.5533,14.45,86,0,0.0,US,1726462425
66,avarua,-21.2078,-159.775,23.03,78,20,6.17,CK,1726462336
67,calvi,42.5,8.8333,9.35,82,0,2.06,FR,1726462427
68,sarankhola,22.3082,89.7897,29.27,81,89,5.37,BD,1726462428
69,yangambi,0.8102,24.4336,21.05,97,86,0.73,CD,1726462429
70,porto novo,6.4965,2.6036,25.9,92,100,2.69,BJ,1726462430
71,santa cruz de tenerife,28.4682,-16.2546,22.4,85,100,4.63,ES,1726462431
72,hermanus,-34.4187,19.2345,11.0,64,99,2.79,ZA,1726462432
73,kralendijk,12.15,-68.2667,29.99,74,45,8.23,BQ,1726462433
74,haiku-pauwela,20.9219,-156.3051,25.7,76,23,7.6,US,1726462435
75,pelotas,-31.7719,-52.3425,8.25,97,10,0.48,BR,1726462436
76,tiksi,71.6872,128.8694,1.73,91,100,14.17,RU,1726462437
77,kiruna,67.8557,20.2251,-1.49,100,0,2.57,SE,1726462438
78,saint-pierre,-21.3393,55.4781,24.82,47,42,1.54,RE,1726462439
79,bassar,9.25,0.7833,22.07,97,98,0.83,TG,1726462440
80,colonia,50.9333,6.95,14.92,85,100,0.51,DE,1726462441
81,geraldton,-28.7667,114.6,25.23,25,0,8.23,AU,1726462442
82,nova sintra,14.8667,-24.7167,26.12,81,91,5.82,CV,1726462443
83,balabac,7.9868,117.0645,29.22,75,99,9.04,PH,1726462445
84,aykhal,66.0,111.5,1.52,78,100,5.48,RU,1726462446
85,pervomayskoye,43.919,46.7102,23.76,43,0,8.35,RU,1726462447
86,island harbour,50.724,-1.2758,14.44,68,100,0.45,GB,1726462448
87,rongelap,11.1635,166.8941,28.74,74,100,4.45,MH,1726462449
88,atafu village,-8.5421,-172.5159,27.97,77,42,3.5,TK,1726462450
89,kavalerovo,44.2661,135.0572,19.76,43,100,2.33,RU,1726462452
90,tidjikja,18.5564,-11.4271,28.94,56,100,3.07,MR,1726462453
91,san patricio,28.017,-97.5169,27.97,71,100,1.22,US,1726462455
92,vila velha,-20.3297,-40.2925,22.97,91,0,2.24,BR,1726462456
93,zin'kiv,50.2081,34.3638,18.52,35,12,6.51,UA,1726462457
94,pundong,-7.9522,110.3486,28.39,58,36,5.28,ID,1726462458
95,petropavlovsk-kamchatsky,53.0452,158.6483,14.33,36,40,7.0,RU,1726462317
96,la passe,45.5549,-0.8967,11.59,68,62,4.43,FR,1726462460
97,port elizabeth,-33.918,25.5701,14.62,92,20,5.14,ZA,1726462461
98,hithadhoo,-0.6,73.0833,28.6,76,100,4.13,MV,1726462462
99,mariano,8.8333,125.1167,31.4,64,92,3.78,PH,1726462463
100,dole,47.0833,5.5,9.79,81,0,3.09,FR,1726462465
101,badger,64.8,-147.5333,9.95,85,75,2.06,US,1726462466
102,arroyito,-31.4202,-63.05,12.73,45,0,3.0,AR,1726462467
103,beyneu,45.3167,55.2,22.69,31,79,7.44,KZ,1726462468
104,kerikeri,-35.2268,173.9474,13.84,89,84,1.34,NZ,1726462469
105,muang xay,20.7,101.9833,33.05,49,100,0.44,LA,1726462470
106,pierre,44.3683,-100.351,24.51,69,0,7.72,US,1726462471
107,annaba,36.9,7.7667,19.2,69,17,2.69,DZ,1726462472
108,pisco,-13.7,-76.2167,17.03,82,100,1.03,PE,1726462473
109,shingu,33.7333,135.9833,29.97,64,4,2.72,JP,1726462475
110,heroica caborca,30.7167,-112.15,30.18,50,0,5.07,MX,1726462476
111,adam,22.3756,57.5233,29.65,42,2,1.79,OM,1726462477
112,ilulissat,69.2167,-51.1,1.01,86,100,0.0,GL,1726462478
113,shaowu,27.3409,117.4831,33.42,62,70,1.41,CN,1726462479
114,hassi messaoud,31.6804,6.0729,24.63,47,64,3.57,DZ,1726462480
115,qaqortoq,60.7167,-46.0333,4.87,90,98,1.77,GL,1726462481
116,touros,-5.1989,-35.4608,24.73,77,4,6.65,BR,1726462482
117,shiqian,27.5225,108.2281,27.29,73,98,3.49,CN,1726462483
118,buraydah,26.326,43.975,26.25,12,0,1.79,SA,1726462485
119,gusinoozyorsk,51.2833,106.5,11.6,65,73,0.41,RU,1726462486
120,rio grande,-32.035,-52.0986,14.12,81,27,2.77,BR,1726462487
121,klyuchi,52.2667,79.1667,8.07,47,2,6.68,RU,1726462488
122,punta arenas,-53.15,-70.9167,4.06,81,40,7.72,CL,1726462489
123,paramonga,-10.6667,-77.8333,16.22,87,90,2.51,PE,1726462490
124,suva,-18.1416,178.4415,26.71,78,75,3.09,FJ,1726462491
125,kapuskasing,49.4169,-82.4331,20.05,83,20,3.09,CA,1726462492
126,bubaque,11.2833,-15.8333,25.52,88,100,7.88,GW,1726462493
127,estacion coahuila,32.1939,-115.0017,30.04,42,0,5.24,MX,1726462495
128,tazovsky,67.4667,78.7,12.12,74,75,7.16,RU,1726462496
129,usinsk,65.9939,57.5281,16.36,82,96,4.98,RU,1726462497
130,oranjemund,-28.55,16.4333,11.12,91,13,4.97,NA,1726462498
131,carolina beach,34.0352,-77.8936,22.79,92,100,12.79,US,1726462499
132,cabo san lucas,22.8909,-109.9124,25.42,88,51,4.47,MX,1726462500
133,verdun,49.25,5.3333,12.41,83,100,1.86,FR,1726462501
134,enewetak,11.3474,162.3373,28.28,82,87,7.42,MH,1726462502
135,iskateley,67.6803,53.1512,16.65,64,95,3.65,RU,1726462503
136,n'zeto,-7.2312,12.8666,22.5,91,100,2.52,AO,1726462505
137,talnakh,69.4865,88.3972,4.1,84,100,4.08,RU,1726462506
138,namdrik,5.5994,168.1028,28.38,68,59,1.54,MH,1726462507
139,kodiak,57.79,-152.4072,12.73,58,75,2.57,US,1726462508
140,linkou,45.3,130.2833,14.57,74,100,3.42,CN,1726462509
141,shalqar,47.8333,59.6,19.56,40,81,8.73,KZ,1726462510
142,tual,-5.6667,132.75,26.68,85,87,6.01,ID,1726462511
143,ankang,32.68,109.0172,29.03,57,81,2.68,CN,1726462512
144,aioun,16.6614,-9.6149,27.92,64,81,3.53,MR,1726462514
145,pajara,28.3504,-14.1076,19.73,84,46,3.19,ES,1726462515
146,thunder bay,48.4001,-89.3168,19.99,94,75,1.54,CA,1726462516
147,tottori,35.5,134.2333,31.04,74,20,6.17,JP,1726462517
148,kingston,17.997,-76.7936,29.53,79,20,1.54,JM,1726462518
149,olonkinbyen,70.9221,-8.7187,2.51,96,100,10.91,SJ,1726462519
150,katsuura,35.1333,140.3,26.9,87,74,6.96,JP,1726462520
151,yeed,4.55,43.0333,24.9,62,11,8.04,SO,1726462521
152,lake havasu city,34.4839,-114.3224,32.0,17,0,2.57,US,1726462522
153,mizdah,31.4451,12.9801,19.9,74,2,3.82,LY,1726462524
154,mount gambier,-37.8333,140.7667,11.99,60,95,4.04,AU,1726462525
155,fortuna,40.5982,-124.1573,14.96,91,100,4.12,US,1726462526
156,taoudenni,22.6783,-3.9836,33.64,22,57,2.56,ML,1726462527
157,sao vicente,-23.9631,-46.3919,18.32,26,100,1.55,BR,1726462528
158,flying fish cove,-10.4217,105.6791,27.82,74,20,4.63,CX,1726462529
159,belen,36.4891,36.2233,20.08,73,40,3.09,TR,1726462530
160,yinzhu,35.8786,119.9753,27.41,62,0,3.37,CN,1726462531
161,stanley,54.868,-1.6985,6.01,95,56,2.06,GB,1726462532
162,chibougamau,49.9168,-74.3659,16.79,88,0,3.09,CA,1726462534
163,tupiza,-21.45,-65.7167,3.46,82,0,1.35,BO,1726462535
164,sinabang,2.4803,96.3801,26.84,79,100,0.09,ID,1726462536
165,ancud,-41.8697,-73.8203,6.23,87,3,0.79,CL,1726462537
166,st. john's,47.5649,-52.7093,8.64,87,38,0.89,CA,1726462538
167,semnan,35.5729,53.3971,21.79,44,29,1.48,IR,1726462539
168,tobruk,32.0836,23.9764,22.59,59,0,5.66,LY,1726462540
169,jwaneng,-24.6004,24.7303,21.38,8,97,2.03,BW,1726462541
170,vilyuchinsk,52.9306,158.4028,15.15,58,26,11.34,RU,1726462542
171,guerrero negro,27.9769,-114.0611,19.23,77,0,5.85,MX,1726462545
172,susuman,62.7833,148.1667,2.9,58,100,3.09,RU,1726462546
173,las tablas,7.7667,-80.2833,26.18,89,87,1.99,PA,1726462547
174,acapulco de juarez,16.8634,-99.8901,25.61,83,96,1.28,MX,1726462548
175,pacific grove,36.6177,-121.9166,15.82,90,20,3.09,US,1726462549
176,polyarnyy,69.1989,33.4478,9.94,97,100,1.59,RU,1726462550
177,yuzhno-kurilsk,44.0306,145.8556,18.29,54,13,2.76,RU,1726462551
178,turpan,42.9333,89.1667,29.99,17,0,2.67,CN,1726462554
179,horta,38.5333,-28.6333,21.12,93,88,3.58,PT,1726462555
180,ust-nera,64.5667,143.2,5.89,57,86,0.62,RU,1726462556
181,happy valley-goose bay,53.3168,-60.3315,9.17,93,75,2.57,CA,1726462557
182,hsinchu,24.8036,120.9686,34.63,65,94,3.13,TW,1726462558
183,amahai,-3.3333,128.9167,27.58,77,68,2.79,ID,1726462559
184,dudinka,69.4058,86.1778,7.23,76,97,7.17,RU,1726462560
185,mandalgovi,45.7625,106.2708,15.68,29,0,4.66,MN,1726462561
186,pangody,65.85,74.4859,13.32,63,77,7.8,RU,1726462562
187,mar del plata,-38.0023,-57.5575,8.82,78,21,0.89,AR,1726462564
188,puerto ayora,-0.7393,-90.3518,20.86,94,63,3.13,EC,1726462565
189,magadan,59.5667,150.8,9.65,60,62,1.55,RU,1726462566
190,tura,25.5198,90.2201,26.08,85,100,0.75,IN,1726462567
191,robore,-18.3333,-59.75,19.18,60,45,1.57,BO,1726462568
192,broken hill,-31.95,141.4333,17.55,21,0,6.91,AU,1726462569
193,manokwari,-0.8667,134.0833,29.15,71,23,3.0,ID,1726462570
194,port douglas,-16.4833,145.4667,23.56,78,100,7.99,AU,1726462571
195,concordia,-31.393,-58.0209,10.44,81,4,0.89,AR,1726462572
196,jacksonville,30.3322,-81.6556,25.06,91,100,7.2,US,1726462575
197,kakonko,-3.2828,30.9642,20.79,31,25,0.84,TZ,1726462576
198,ingeniero jacobacci,-41.3427,-69.5448,4.49,64,44,4.53,AR,1726462577
199,garrett,41.3495,-85.1355,18.88,76,0,0.45,US,1726462578
200,bridlington,54.0831,-0.1919,10.01,86,79,1.79,GB,1726462579
201,gorontalo,0.5412,123.0595,30.58,60,97,4.03,ID,1726462580
202,hammerfest,70.6634,23.6821,9.25,66,0,2.06,NO,1726462581
203,williams lake,52.1415,-122.1445,11.76,91,20,3.09,CA,1726462502
204,portland,45.5234,-122.6762,15.06,81,21,1.79,US,1726462174
205,fale old settlement,-9.3852,-171.2468,28.18,77,92,5.19,TK,1726462585
206,baiyin,36.5583,104.2081,15.38,78,100,1.61,CN,1726462586
207,leer,53.2316,7.461,10.53,93,63,2.02,DE,1726462587
208,arteche,12.2645,125.4048,25.71,88,100,4.16,PH,1726462588
209,nguigmi,14.2495,13.1092,29.05,57,100,4.83,NE,1726462589
210,topeka,39.0483,-95.678,24.48,71,0,2.57,US,1726462590
211,mu'minobod,38.1085,70.0285,18.35,20,75,2.62,TJ,1726462591
212,invercargill,-46.4,168.35,6.12,91,100,2.68,NZ,1726462592
213,ola,59.5833,151.2833,10.73,54,63,4.43,RU,1726462594
214,bardai,11.65,7.2333,21.28,94,44,2.0,NG,1726462595
215,sernancelhe,40.921,-7.5123,13.07,36,1,2.67,PT,1726462596
216,cottage grove,44.8277,-92.9438,24.69,80,0,2.06,US,1726462597
217,papatowai,-46.5619,169.4708,8.73,69,98,6.31,NZ,1726462598
218,taroa,8.7058,171.2275,28.25,71,52,0.69,MH,1726462599
219,nhamunda,-2.1861,-56.7131,25.94,55,0,1.62,BR,1726462602
220,gamay,12.3854,125.2979,24.7,92,100,4.99,PH,1726462603
221,kailua-kona,19.6406,-155.9956,28.09,86,8,1.19,US,1726462496
222,anna regina,7.2644,-58.5077,27.36,80,8,3.18,GY,1726462605
223,lihue,21.9789,-159.3672,26.77,76,20,7.2,US,1726462579
224,nuuk,64.1835,-51.7216,2.71,93,22,0.89,GL,1726462607
225,kavaratti,10.5669,72.642,26.87,84,71,4.42,IN,1726462608
226,mount isa,-20.7333,139.5,30.87,18,0,4.63,AU,1726462609
227,newman,37.3138,-121.0208,18.35,52,90,1.34,US,1726462611
228,mossel bay,-34.1831,22.146,12.96,73,100,3.58,ZA,1726462613
229,kohlu,29.8962,69.252,27.84,36,0,1.19,PK,1726462614
230,labytnangi,66.6572,66.4183,18.42,73,67,4.89,RU,1726462615
231,ayr,55.4627,-4.6339,8.61,93,75,3.6,GB,1726462616
232,horn,51.8715,8.9451,11.14,95,98,1.24,DE,1726462617
233,chonchi,-42.6128,-73.8092,2.97,95,7,0.95,CL,1726462618
234,karachi,24.9056,67.0822,28.9,74,75,4.63,PK,1726462488
235,sakaiminato,35.55,133.2333,29.99,89,40,6.69,JP,1726462621
236,uturoa,-16.7333,-151.4333,25.45,82,59,2.61,PF,1726462623
237,lorengau,-2.0226,147.2712,28.86,77,61,4.45,PG,1726462624
238,west bay,19.3667,-81.4167,27.81,91,12,4.06,KY,1726462625
239,mbaiki,3.8678,17.9892,20.65,98,99,0.89,CF,1726462626
240,s'arenal,39.5,2.75,17.43,84,0,2.15,ES,1726462627
241,nemuro,43.3236,145.575,17.19,65,1,1.39,JP,1726462628
242,san pedro del parana,-26.8333,-56.2,12.95,88,0,1.84,PY,1726462629
243,washington,47.5001,-120.5015,17.73,54,75,2.47,US,1726462501
244,roma,43.2128,-75.4557,17.28,96,0,2.06,US,1726462632
245,darnah,32.767,22.6367,22.99,59,4,5.26,LY,1726462633
246,bhaisa,19.1,77.9667,26.86,71,84,5.19,IN,1726462634
247,st albans,51.75,-0.3333,13.15,95,100,2.06,GB,1726462635
248,hasaki,35.7333,140.8333,26.64,83,99,7.2,JP,1726462636
249,changli,39.7042,119.1506,25.16,58,0,3.25,CN,1726462637
250,cootamundra,-34.65,148.0333,15.5,34,0,7.85,AU,1726462638
251,holbrook,40.8123,-73.0784,16.7,84,20,1.54,US,1726462641
252,livani,56.3543,26.1758,13.66,57,48,2.15,LV,1726462642
253,santa elena de uairen,4.6167,-61.1333,20.36,78,0,0.88,VE,1726462643
254,karratha,-20.7377,116.8463,31.63,17,0,6.86,AU,1726462644
255,essaouira,31.5125,-9.77,20.72,88,2,2.57,MA,1726462645
256,tralee,52.2704,-9.7026,10.74,87,86,2.16,IE,1726462646
257,bel ombre,-4.6167,55.4167,26.91,83,75,8.23,SC,1726462647
258,nazarovo,56.0064,90.3914,5.62,63,81,2.74,RU,1726462648
259,gadzhiyevo,69.2551,33.3362,9.97,97,100,1.4,RU,1726462408
260,port alfred,-33.5906,26.891,15.1,84,22,5.52,ZA,1726462651
261,howrah,22.5892,88.3103,27.0,94,100,4.63,IN,1726462652
262,twin falls,42.3505,-114.6445,15.19,72,100,4.63,US,1726462653
263,vorgashor,67.5833,63.95,15.36,87,99,5.14,RU,1726462654
264,aktanysh,55.7216,54.0829,17.37,67,0,2.84,RU,1726462655
265,wailua homesteads,22.0669,-159.378,26.44,80,20,7.2,US,1726462658
266,codrington,-38.2667,141.9667,12.29,76,100,8.09,AU,1726462659
267,malvan,16.0667,73.4667,27.78,71,94,1.62,IN,1726462660
268,ertil',51.8406,40.8056,19.06,48,5,5.51,RU,1726462661
269,acajutla,13.5928,-89.8275,27.87,81,100,2.59,SV,1726462517
270,tsiombe,-25.3,45.4833,23.98,53,8,1.44,MG,1726462664
271,alkhan-yurt,43.2318,45.5723,14.96,62,1,0.91,RU,1726462665
272,juan griego,11.0817,-63.9655,22.07,100,24,5.66,VE,1726462666
273,mili,6.0815,171.735,28.26,66,70,0.7,MH,1726462668
274,san antonio de pale,-1.4014,5.6325,24.29,87,29,5.76,GQ,1726462669
275,cockburn town,21.4612,-71.1419,29.33,80,27,7.3,TC,1726462671
276,diego de almagro,-26.3667,-70.05,16.74,19,0,1.83,CL,1726462672
277,maputo,-25.9653,32.5892,20.82,88,75,2.57,MZ,1726462673
278,aginskoye,51.1,114.53,16.9,31,0,8.55,RU,1726462674
279,vorkuta,67.5,64.0,15.36,89,100,5.26,RU,1726462676
280,puerto baquerizo moreno,-0.9,-89.6,21.24,85,96,5.33,EC,1726462677
281,livingstone,-17.8419,25.8543,22.81,23,2,2.37,ZM,1726462678
282,prince george,53.9166,-122.753,13.68,71,75,2.57,CA,1726462679
283,christchurch,-43.5333,172.6333,11.85,63,44,4.63,NZ,1726462680
284,opuwo,-18.0607,13.84,18.48,20,5,2.76,NA,1726462681
285,nakamura,32.9833,132.9333,29.65,78,36,2.58,JP,1726462682
286,okha,53.5739,142.9478,15.32,52,45,1.76,RU,1726462683
287,monrovia,6.3005,-10.7969,24.21,89,100,1.2,LR,1726462684
288,kapa'a,22.0752,-159.319,27.18,77,20,7.2,US,1726462687
289,kargasok,59.0556,80.8572,9.83,49,44,4.58,RU,1726462688
290,dili,-8.5586,125.5736,28.38,59,49,1.45,TL,1726462690
291,ailuk,10.2197,169.9797,28.37,71,85,1.67,MH,1726462691
292,inhambane,-23.865,35.3833,24.99,88,40,4.63,MZ,1726462692
293,filingue,14.3521,3.3168,27.71,73,29,3.29,NE,1726462693
294,san martin,-33.081,-68.4681,15.96,32,1,3.21,AR,1726462695
295,sisimiut,66.9395,-53.6735,2.08,87,87,2.63,GL,1726462697
296,kuala terengganu,5.3302,103.1408,31.97,66,20,1.54,MY,1726462699
297,inirida,3.8653,-67.9239,24.59,88,58,1.52,CO,1726462700
298,liberia,6.5,-9.5,22.09,99,100,0.83,LR,1726462702
299,forster,-32.1667,152.5167,21.32,29,0,3.63,AU,1726462703
300,tokar,18.4254,37.729,34.62,36,22,8.02,SD,1726462705
301,mariana,-20.3778,-43.4161,15.84,72,6,1.42,BR,1726462706
302,cova figueira,14.8905,-24.2934,20.23,84,52,3.96,CV,1726462707
303,coxim,-18.5067,-54.76,24.05,66,3,2.44,BR,1726462708
304,champerico,14.3,-91.9167,28.1,81,100,2.18,GT,1726462709
305,luderitz,-26.6481,15.1594,11.13,76,0,7.27,NA,1726462710
306,viedma,-40.8135,-62.9967,8.7,31,10,4.54,AR,1726462712
307,carbonear,47.7332,-53.2148,8.89,89,45,2.62,CA,1726462713
308,san antonio oeste,-40.7319,-64.9477,13.54,33,11,5.2,AR,1726462714
309,vianopolis,-16.7419,-48.5164,20.69,31,0,1.89,BR,1726462715
310,zhangjiakou,40.81,114.8794,15.99,90,100,1.85,CN,1726462716
311,taulaga,-11.0553,-171.0883,27.86,79,96,5.48,AS,1726462717
312,arno,60.1167,18.6333,9.84,65,66,0.47,SE,1726462718
313,jamestown,42.097,-79.2353,17.8,92,0,2.06,US,1726462719
314,lepsy,46.235,78.9456,18.83,31,36,6.56,KZ,1726462720
315,port lincoln,-34.7333,135.8667,12.82,60,5,4.72,AU,1726462722
316,cam ranh,11.9214,109.1591,31.98,66,20,4.12,VN,1726462723
317,belel,7.05,14.4333,15.86,83,100,0.96,CM,1726462724
318,lichinga,-13.3128,35.2406,15.05,67,0,4.12,MZ,1726462725
319,kajuru,10.3192,7.6892,20.62,98,61,1.24,NG,1726462726
320,auki,-8.7676,160.7034,28.5,72,21,2.16,SB,1726462727
321,zhezqazghan,47.7833,67.7667,17.32,55,0,10.0,KZ,1726462728
322,polavaram,17.2467,81.6439,31.12,67,99,5.11,IN,1726462729
323,nago,26.5881,127.9761,29.6,82,64,6.52,JP,1726462731
324,lahat,-3.8,103.5333,33.23,44,65,1.77,ID,1726462732
325,inongo,-1.95,18.2667,20.04,98,83,2.42,CD,1726462733
326,caleta de carquin,-11.0925,-77.6267,16.2,85,27,2.86,PE,1726462734
327,youhao,47.8667,128.8333,21.58,38,100,3.13,CN,1726462735
328,brokopondo,4.75,-55.1667,25.68,80,16,4.04,SR,1726462736
329,labrador city,52.9463,-66.9114,17.95,77,100,4.12,CA,1726462738
330,inverell,-29.7833,151.1167,19.5,29,0,3.13,AU,1726462739
331,ibeto,10.4854,5.145,23.89,94,77,0.52,NG,1726462741
332,mugia,43.1041,-9.2179,13.84,57,46,9.24,ES,1726462742
333,valderice,38.0401,12.6151,15.5,88,75,2.57,IT,1726462743
334,usogorsk,63.4106,48.6872,16.78,72,86,2.16,RU,1726462744
335,sechura,-5.5569,-80.8222,16.9,84,6,4.45,PE,1726462745
336,san bernardo del viento,9.3533,-75.9524,28.28,86,8,2.13,CO,1726462746
337,al wakrah,24.85,51.3333,31.05,35,0,2.91,QA,1726462747
338,antofagasta,-23.65,-70.4,13.6,72,8,1.2,CL,1726462748
339,inyonga,-6.7167,32.0667,19.34,36,6,2.99,TZ,1726462749
340,gryazovets,58.88,40.2525,15.48,68,71,2.4,RU,1726462751
341,oppdal,62.5943,9.6912,8.79,94,100,0.38,NO,1726462752
342,utrik,11.2278,169.8474,28.74,74,72,3.86,MH,1726462753
343,sorong,-0.8833,131.25,30.24,72,83,5.76,ID,1726462754
344,egilsstadir,65.2653,-14.3948,-0.05,74,0,1.54,IS,1726462755
345,karamay,45.6004,84.8661,19.95,28,0,2.75,CN,1726462756
346,lautoka,-17.6167,177.4667,27.92,69,40,4.63,FJ,1726462757
347,homer,59.6425,-151.5483,12.11,71,100,6.26,US,1726462758
348,ceylanpinar,36.8472,40.05,24.19,62,1,6.6,TR,1726462759
349,nadym,65.5333,72.5167,14.62,68,20,7.93,RU,1726462761
350,markivka,49.5229,39.5705,20.1,36,0,7.22,UA,1726462762
351,nagqu,31.5,92.0,14.16,41,41,2.7,CN,1726462763
352,sitka,57.0531,-135.33,13.94,88,100,4.63,US,1726462764
353,saint-joseph,-21.3667,55.6167,24.21,67,39,5.02,RE,1726462765
354,granbury,32.4421,-97.7942,24.65,83,4,0.45,US,1726462766
355,savyntsi,49.4026,37.0627,19.06,37,0,6.9,UA,1726462767
356,port shepstone,-30.7414,30.455,18.25,87,99,0.77,ZA,1726462768
357,inzhavino,52.3185,42.4937,18.91,48,2,5.06,RU,1726462769
358,pariaman,-0.619,100.12,29.03,78,80,3.22,ID,1726462771
359,dingwall,57.5953,-4.4272,7.16,96,98,1.77,GB,1726462772
360,arraial do cabo,-22.9661,-42.0278,21.33,93,4,6.46,BR,1726462773
361,mahdia,35.5047,11.0622,19.7,65,0,5.06,TN,1726462774
362,palembang,-2.9167,104.7458,33.69,42,76,2.64,ID,1726462775
363,kone,-21.0595,164.8658,21.65,54,82,4.35,NC,1726462776
364,tobelo,1.7284,128.0095,31.27,62,77,4.63,ID,1726462777
365,yarmouth,41.7057,-70.2286,14.44,91,0,2.51,US,1726462778
366,callao,-12.0667,-77.15,16.51,82,100,2.06,PE,1726462737
367,tolanaro,-25.0319,46.9987,19.04,94,0,0.0,MG,1726462781
368,mildura,-34.2,142.15,17.26,37,0,6.04,AU,1726462782
369,muang phonsavan,19.45,103.2167,25.9,77,100,0.45,LA,1726462783
370,boca suno,-0.7167,-77.1333,24.53,68,84,0.29,EC,1726462784
371,murzuq,25.9155,13.9184,27.5,40,8,3.6,LY,1726462785
372,wewak,-3.5534,143.6268,29.06,72,83,4.1,PG,1726462786
373,huasahuasi,-11.3167,-75.6167,6.14,88,99,0.85,PE,1726462788
374,arkhangel'sk,64.5401,40.5433,14.06,77,20,2.0,RU,1726462789
375,pavlodar,52.3,76.95,5.89,56,75,8.0,KZ,1726462790
376,gharyan,32.1722,13.0203,18.74,75,4,1.7,LY,1726462791
377,la'ie,21.6477,-157.9253,27.66,81,77,3.13,US,1726462698
378,cidreira,-30.1811,-50.2056,14.94,89,89,3.78,BR,1726462793
379,nar'yan-mar,67.6713,53.087,16.64,64,95,3.66,RU,1726462794
380,bandarbeyla,9.4942,50.8122,28.14,54,26,11.37,SO,1726462795
381,south hedland,-20.4089,118.5983,33.96,9,0,6.17,AU,1726462797
382,dazkiri,37.9186,29.8606,15.04,53,0,0.71,TR,1726462798
383,naracoorte,-36.9579,140.7383,14.34,53,84,5.45,AU,1726462799
384,ambon,-3.6954,128.1814,29.08,79,40,3.6,ID,1726462800
385,northam,51.0333,-4.2167,13.67,98,99,0.95,GB,1726462801
386,wuhai,39.6647,106.8122,16.85,70,85,2.59,CN,1726462802
387,monkey bay,-14.0728,34.9201,25.11,55,0,1.54,MW,1726462803
388,trairi,-3.2778,-39.2689,25.36,76,30,5.65,BR,1726462804
389,grafton,42.207,-71.6856,13.86,88,0,0.65,US,1726462807
390,serenje,-13.2325,30.2352,19.32,37,1,1.99,ZM,1726462808
391,palmerston,-12.486,130.9833,32.99,46,0,7.72,AU,1726462809
392,broome,42.2506,-75.833,18.33,80,78,1.76,US,1726462810
393,gotse delchev,41.5667,23.7333,13.42,77,88,0.98,BG,1726462811
394,palafrugell,41.9174,3.1631,13.51,55,11,2.54,ES,1726462812
395,khandyga,62.6667,135.6,8.35,54,30,1.4,RU,1726462814
396,kasongo-lunda,-6.4667,16.8167,23.81,81,22,0.96,CD,1726462815
397,medea,36.2642,2.7539,15.24,34,3,0.97,DZ,1726462816
398,hotan,37.0997,79.9269,26.07,20,71,4.37,CN,1726462819
399,selfoss,63.9331,-20.9971,2.8,64,100,3.33,IS,1726462820
400,rehoboth,-23.3167,17.0833,13.49,14,27,2.22,NA,1726462821
401,baltiysk,54.6538,19.911,16.17,72,100,4.8,RU,1726462823
402,al bawiti,28.3492,28.8659,25.35,68,0,3.41,EG,1726462824
403,west valley,46.5921,-120.6051,17.96,63,75,2.06,US,1726462825
404,saint-louis,16.3333,-15.0,27.92,66,99,3.98,SN,1726462826
405,long beach,33.767,-118.1892,20.05,84,20,3.09,US,1726462658
406,ebon,4.582,168.6964,28.23,68,39,1.34,MH,1726462828
407,sodankyla,67.4167,26.6,5.77,77,15,1.33,FI,1726462829
408,as sulayyil,20.4607,45.5779,34.1,15,0,4.35,SA,1726462830
409,hood river,45.7054,-121.5215,16.32,73,0,3.13,US,1726462831
410,bodaybo,57.8506,114.1933,7.31,73,100,2.45,RU,1726462833
411,buchanan,5.8808,-10.0467,24.37,89,100,2.6,LR,1726462834
412,makokou,0.5738,12.8642,20.63,99,96,0.74,GA,1726462835
413,sandnessjoen,66.0217,12.6316,12.06,87,75,2.57,NO,1726462836
414,la ronge,55.1001,-105.2842,12.14,94,0,2.57,CA,1726462837
415,joshimath,30.5667,79.5667,21.87,49,1,2.63,IN,1726462838
416,lae,-6.7221,146.9847,23.6,90,100,0.98,PG,1726462839
417,xinmin,41.9908,122.8253,24.48,63,76,3.79,CN,1726462840
418,mahajanga,-15.7167,46.3167,22.01,56,20,3.09,MG,1726462842
419,sao joao da barra,-21.6403,-41.0511,22.37,91,6,6.74,BR,1726462843
420,ulladulla,-35.35,150.4667,15.16,41,12,3.12,AU,1726462844
421,bezhetsk,57.7851,36.6965,15.67,56,75,1.89,RU,1726462845
422,tari,-11.1105,14.3559,17.31,93,68,1.19,AO,1726462846
423,totness,5.8833,-56.3167,26.8,81,9,4.77,SR,1726462847
424,talcahuano,-36.7167,-73.1167,8.82,61,0,3.6,CL,1726462848
425,asentamiento humano nicolas de pierola,-11.95,-76.7,23.08,41,10,0.4,PE,1726462849
426,sao paulo de olivenca,-3.3783,-68.8725,24.77,73,22,1.46,BR,1726462850
427,nishinoomote,30.7333,131.0,29.31,89,75,6.17,JP,1726462852
428,ciudad bolivar,8.1222,-63.5497,26.9,80,46,3.74,VE,1726462853
429,senador jose porfirio,-2.5908,-51.9542,25.45,68,6,1.36,BR,1726462854
430,berezovo,63.9381,65.0419,16.48,71,2,4.09,RU,1726462855
431,carletonville,-26.3609,27.3977,17.73,18,91,2.12,ZA,1726462856
432,de aar,-30.6497,24.0123,10.11,83,0,4.77,ZA,1726462857
433,nadi,-17.8,177.4167,28.0,69,40,4.63,FJ,1726462859
434,tuy hoa,13.0833,109.3,33.76,53,98,6.1,VN,1726462860
435,guanare,9.0418,-69.7421,23.12,93,85,1.49,VE,1726462862
436,ust'-kut,56.7938,105.7672,4.49,80,100,3.78,RU,1726462863
437,key largo,25.0865,-80.4473,27.22,72,67,0.52,US,1726462864
438,hirara,24.8,125.2833,31.15,84,75,8.75,JP,1726462865
439,dawei,14.0833,98.2,30.2,68,70,3.8,MM,1726462866
440,acarau,-2.8856,-40.12,25.55,77,28,8.14,BR,1726462867
441,maraba,-5.3686,-49.1178,28.1,69,48,1.54,BR,1726462869
442,alofi,-19.0595,-169.9187,25.94,78,52,3.09,NU,1726462871
443,afaahiti,-17.75,-149.2833,24.42,83,44,4.76,PF,1726462872
444,yanchep,-31.55,115.6833,21.83,36,0,5.1,AU,1726462873
445,nassau,40.7507,-73.5829,18.14,80,15,2.12,US,1726462874
446,merritt,50.1123,-120.7942,9.07,76,11,0.45,CA,1726462875
447,banamba,13.55,-7.45,23.72,86,100,2.8,ML,1726462876
448,merizo village,13.2658,144.6691,25.88,95,100,14.2,GU,1726462878
449,zeya,53.75,127.2667,10.0,94,100,2.41,RU,1726462880
450,salalah,17.0151,54.0924,26.63,74,57,2.83,OM,1726462881
451,sola,-13.8833,167.55,26.41,80,13,2.95,VU,1726462883
452,temiskaming shores,47.4938,-79.7153,17.89,80,28,3.47,CA,1726462884
453,puerto aysen,-45.4,-72.7,4.74,100,100,2.34,CL,1726462885
454,kirkwall,58.9848,-2.9587,11.09,81,100,4.12,GB,1726462886
455,carnarvon,-24.8667,113.6333,27.32,30,0,5.52,AU,1726462887
456,comodoro rivadavia,-45.8667,-67.5,9.92,43,0,11.32,AR,1726462888
457,nova vicosa,-17.8919,-39.3719,22.17,87,86,3.0,BR,1726462890
458,beitbridge,-22.2167,30.0,22.9,39,0,4.65,ZW,1726462891
459,koch'ang,35.4333,126.7,29.16,77,95,0.78,KR,1726462892
460,isangel,-19.55,169.2667,24.06,78,75,3.09,VU,1726462893
461,mahina,-17.5065,-149.489,25.87,83,100,1.54,PF,1726462894
462,shubarshi,48.5872,57.1869,19.77,41,78,7.89,KZ,1726462895
463,willemstad,12.1084,-68.9335,29.88,81,40,5.66,CW,1726462896
464,kindu,-2.95,25.95,23.36,65,58,1.4,CD,1726462897
465,santa ana,33.7456,-117.8678,20.25,78,100,2.57,US,1726462641
466,male,4.1748,73.5089,30.97,74,40,4.12,MV,1726462900
467,srbac,45.0978,17.525,10.07,94,100,3.57,BA,1726462901
468,natal,-5.795,-35.2094,23.12,83,20,3.09,BR,1726462803
469,neijiang,29.5835,105.0622,33.72,42,22,2.67,CN,1726462903
470,rayon,19.1444,-99.5836,13.13,92,100,0.77,MX,1726462904
471,bhamo,24.2667,97.2333,33.4,53,95,1.48,MM,1726462905
472,el calafate,-50.3408,-72.2768,2.11,83,34,2.08,AR,1726462906
473,guymon,36.6828,-101.4816,24.0,50,0,4.63,US,1726462907
474,olovyannaya,50.95,115.5667,18.45,24,0,9.56,RU,1726462909
475,lafiagi,8.8667,5.4167,23.91,94,85,1.64,NG,1726462910
476,colby,39.3958,-101.0524,22.22,57,0,8.94,US,1726462911
477,barreirinhas,-2.7469,-42.8264,25.13,83,30,4.76,BR,1726462912
478,gerash,27.6652,54.1371,25.08,40,0,1.58,IR,1726462913
479,sosnogorsk,63.6023,53.8817,17.84,80,100,2.13,RU,1726462914
480,zalingei,12.9096,23.4741,21.1,86,100,1.27,SD,1726462916
481,grand falls-windsor,48.9332,-55.6649,7.5,88,57,2.67,CA,1726462918
482,katabu,-4.9333,122.5167,32.73,43,86,1.42,ID,1726462919
483,havre,49.5833,0.3333,14.87,88,100,3.09,FR,1726462920
484,bengkulu,-3.8004,102.2655,28.67,67,18,4.38,ID,1726462923
485,quellon,-43.1167,-73.6167,5.0,93,31,2.39,CL,1726462924
486,vanimo,-2.6741,141.3028,29.96,69,64,4.41,PG,1726462925
487,conduaga,8.862,117.4893,28.24,80,99,7.14,PH,1726462926
488,holualoa,19.6228,-155.9522,26.02,86,10,0.87,US,1726462927
489,butembo,0.15,29.2833,16.46,84,80,0.9,CD,1726462928
490,baxter,46.3433,-94.2867,23.04,77,40,3.6,US,1726462929
491,bakanas,44.8081,76.2772,20.93,22,25,6.84,KZ,1726462930
492,revda,56.801,59.9303,13.45,72,18,2.46,RU,1726462931
493,chilliwack,49.1747,-121.9443,15.03,87,0,0.51,CA,1726462933
494,fortaleza,-3.7227,-38.5247,26.23,69,0,6.69,BR,1726462934
495,galliano,29.4422,-90.2992,24.0,94,0,0.0,US,1726462935
496,kamaishi,39.2667,141.8833,21.17,66,98,3.16,JP,1726462936
497,hamilton,39.1834,-84.5333,21.6,58,0,0.45,US,1726462937
498,port augusta,-32.5,137.7667,19.5,27,0,5.83,AU,1726462938
499,freetown,8.484,-13.2299,24.06,91,100,1.95,SL,1726462939
500,kolonia town,6.964,158.206,27.42,80,91,3.27,FM,1726462940
501,jawf al maqbabah,13.8378,45.8349,28.19,58,44,3.82,YE,1726462942
502,alice springs,-23.7,133.8833,16.75,19,100,5.14,AU,1726462821
503,kavieng,-2.5744,150.7967,28.9,74,68,4.0,PG,1726462944
504,nueva gerona,21.8833,-82.8,29.1,74,93,1.72,CU,1726462945
505,skien,59.2075,9.6105,12.72,99,100,1.66,NO,1726462946
506,puerto santa,-8.9906,-78.6456,15.72,90,3,2.94,PE,1726462947
507,fort st. john,56.2499,-120.8529,12.94,50,75,6.17,CA,1726462791
508,lazaro cardenas,17.9583,-102.2,27.51,85,100,1.39,MX,1726462950
509,tazacorte,28.629,-17.9293,21.54,64,100,3.09,ES,1726462952
510,moroni,-11.7022,43.2551,25.7,71,4,2.19,KM,1726462953
511,margate,51.3813,1.3862,14.37,88,99,4.09,GB,1726462905
512,aitape,-3.1374,142.3475,30.63,68,50,3.75,PG,1726462957
513,noumea,-22.2763,166.4572,20.42,62,97,5.46,NC,1726462958
514,pontes e lacerda,-15.2261,-59.3353,24.12,59,36,1.13,BR,1726462959
515,malabar,-33.9667,151.25,18.81,45,0,5.66,AU,1726462960
516,puerto colombia,10.9878,-74.9547,30.05,84,14,8.36,CO,1726462962
517,kara-balta,42.8142,73.8481,21.78,23,50,2.59,KG,1726462963
518,asbe teferi,9.0833,40.8667,18.38,67,91,2.83,ET,1726462964
519,general acha,-37.377,-64.6043,11.01,29,0,4.12,AR,1726462965
520,cullman,34.1748,-86.8436,22.36,83,100,0.0,US,1726462966
521,aripuana,-9.1667,-60.6333,25.86,60,30,1.24,BR,1726462968
522,minas de marcona,-15.2119,-75.1103,10.14,90,55,4.19,PE,1726462969
523,aswan,24.0934,32.907,27.61,32,0,3.09,EG,1726462971
524,hadibu,12.65,54.0333,26.33,75,69,7.16,YE,1726462973
525,vilyuysk,63.7553,121.6247,8.32,50,11,2.42,RU,1726462974
526,vadso,70.0744,29.7487,10.09,100,75,2.06,NO,1726462975
527,chiang kham,19.5233,100.3,34.01,70,32,1.48,TH,1726462976
528,keffi,8.8486,7.8736,23.27,96,82,0.87,NG,1726462977
529,belyy yar,53.6039,91.3903,5.94,65,0,5.0,RU,1726462978
530,brookings,44.3114,-96.7984,21.21,84,0,4.12,US,1726462979
531,idri,27.5,13.2667,27.37,39,4,3.83,LY,1726462980
532,greenville,35.6127,-77.3663,21.19,96,100,5.14,US,1726462981
533,karbala,32.616,44.0249,31.94,30,0,5.03,IQ,1726462983
534,loralai,30.3705,68.598,26.84,27,2,0.61,PK,1726462984
535,malanje,-9.5402,16.341,19.59,85,76,3.22,AO,1726462985
536,narbonne,43.0833,2.8333,13.65,64,68,8.49,FR,1726462987
537,qalat,32.1058,66.9083,25.4,17,29,4.87,AF,1726462988
538,queenstown,-31.8976,26.8753,12.24,85,100,2.73,ZA,1726462989
539,juneau,58.3019,-134.4197,12.0,95,100,5.14,US,1726462969
540,kolonia,50.9333,6.95,14.92,85,100,0.51,DE,1726462991
541,souillac,-20.5167,57.5167,24.21,57,20,7.2,MU,1726462993
542,walvis bay,-22.9575,14.5053,11.29,85,42,5.14,NA,1726462994
543,kafin hausa,12.2375,9.908,25.32,74,51,2.94,NG,1726462995
544,tezu,27.9167,96.1667,33.71,50,57,1.7,IN,1726462830
545,maracas,-13.4411,-40.4308,14.08,89,1,2.0,BR,1726462997
546,cooper's town,26.8667,-77.5167,29.17,77,100,3.28,BS,1726462742
547,korla,41.7597,86.1469,24.9,22,4,3.18,CN,1726462999
548,ixtapa,20.7,-105.2,28.46,94,75,2.06,MX,1726463000
549,sao jose da coroa grande,-8.8978,-35.1478,23.78,78,53,5.81,BR,1726463001
550,kristiansund,63.1115,7.732,11.36,93,75,0.0,NO,1726463003
551,mahenge,-8.6833,36.7167,18.2,74,9,1.87,TZ,1726463004
552,aljezur,37.3191,-8.8033,19.54,56,37,1.46,PT,1726463005
553,poronaysk,49.2167,143.1167,19.46,51,32,4.75,RU,1726463006
554,beidao,34.5686,105.8933,28.75,49,83,4.06,CN,1726463007
555,inari,68.906,27.0288,5.87,86,41,0.7,FI,1726463008
556,portrush,55.1959,-6.6493,10.02,91,90,2.97,GB,1726463009
557,trinidad,-14.8333,-64.9,22.29,44,27,2.28,BO,1726463010
558,manadhoo,5.7667,73.3833,28.21,77,44,4.96,MV,1726463011
559,soledad de doblado,19.05,-96.4167,28.91,97,97,1.24,MX,1726463013
560,port hedland,-20.3167,118.5667,34.03,9,0,6.17,AU,1726463014
561,montepuez,-13.1256,38.9997,20.43,78,80,2.0,MZ,1726463015
562,dolbeau-mistassini,48.8763,-72.212,16.26,86,71,1.44,CA,1726463016
563,chegdomyn,51.1167,133.0167,20.31,39,96,5.44,RU,1726463017
564,devils lake,48.1128,-98.8651,17.75,80,0,2.06,US,1726463018
